RAZON SOCIAL|CADENA FARMACEUTICA|DIRECCIÓN|BARRIO|CUMPLE EL DIRECTOR TECNICO|RESOLUCION DE APERTURA|SE VISITO E 2016|CONCEPTO FAVORABLE|SE VISITO E 2017|CONCEPTO FAVORABLE|FECHA VISITA 2018|CONCEPTO FAVORABLE|FECHA VISITA 2019|CONCEPTO FAVORABLE
LA REBAJA PLUS  Nº 1 MINIMARKET DROGUERIA|SI|CRA. 9 Nº 23N-73|RECUERDO|SI|SI|NO|NO|NO|NO|NO|NO|SI|SI
MUNDO PHARMA DEL CAUCA|NO|CRA. 9 Nº 1AN-05|MODELO|SI|SI|NO|NO|NO|NO|NO|NO|NO|NO
DISPENSARIO DE MEDICAMENTOS FORPRESALUD|NO|CLL 2 10A-58|MODELO|SI|SI|NO|NO|SI|NO|SI|SI|SI|SI
PALMARES|SI|CALLE 16N  Nº 6-27|RECUERDO|SI|SI|NO|NO|NO|NO|NO|NO|NO|NO
FARMACIA HOSPITALARIA LA 22|NO|CALLE 14 N Nº 8-40|RECUERDO|NO|NO|NO|NO|NO|NO|NO|NO|NO|NO
DROGAS CATAY PLUS|NO|CALLE 17 AN 9A-02|ANTONIO NARIÑO|SI|SI|NO|NO|SI|SI|NO|NO|NO|NO
CRUZ VERDE POPAYÁN (FARMASANITAS)|SI|CRA.  9  Nº 17 A N - 87|ANTONIO NARIÑO|SI|SI|NO|NO|SI|NO|SI|NO|SI|NO
AUDIFARMA CENTRO HISTORICO|SI|CALLE  9N  Nº 9-18 |SANTA CLARA|SI|SI|NO|NO|SI|SI|SI|NO|NO|NO
SERNA|NO|CRA. 11 Nº  9N-62|SANTA CLARA|SI|SI|NO|NO|NO|NO|SI|NO|NO|NO
OLIMPICA  SAO|SI|CALLE 2N  Nº 7-74|MODELO|SI|SI|NO|NO|NO|NO|NO|NO|NO|NO
DROGUERIA POPAYAN|NO|KRA 6 10N-98|BOLIVAR|NO|NO|NO|NO|SI|NO|NO|NO|SI|SI
EL TERMINAL|NO|TRASVERSAL 9 Nº 4-125|TER. DE TRASPORTE|NO|NO|NO|NO|NO|NO|NO|NO|NO|NO
COOEMSSANAR SF DROGUERIA|SI|TRANSVERSAL 9N#5N-60|FRENTE TERMINAL|SI|SI|SI|SI|SI|NO|NO|NO|NO|NO
SERVICIO FARMACEUTICO EVEDISA POPAYAN 01 |SI|CLL 15N Nº 7-30|EL RECUERDO|SI|SI|SI|SI|SI|NO|SI|NO|SI|NO
DROGAS  BELALCAZAR|NO|CRA. 9 N° 8N-28|PRADOS DEL NORTE|SI|SI|NO|NO|NO|NO|SI|NO|SI|SI
FARMA SALUD PLUS POPAYAN|NO|CALLE 16 6-36|EL RECUERDO|SI|SI|NO|NO|SI|SI|NO|NO|NO|NO
PROVIMA S.F.I.|SI|CR 7 # 17N-51|RECUERDO|SI|SI|NO|NO|NO|NO|SI|NO|SI|SI
FORPRESALUD|SI|CR 6N # 11N-96|RECUERDO|SI|SI|NO|NO|NO|NO|NO|NO|NO|NO
DROGUERIA CRUZ VERDE CAMPANARIO|SI|CR 9 # 24AN-21 |LA VILLA|SI|SI|NO|NO|SI|SI|SI|SI|SI|SI
DROGUERIA ALIANZA DE OCCIDENTE # 2|SI|CR 6 # 7N-55|BOLIVAR|SI|SI|NO|NO|NO|NO|SI|SI|SI|SI
DISPENSARIO DE MEDICAMENTOS MENNAR|SI|CRA 6 10N-73 FRENTE HOSPITAL|BOLIVAR|SI|SI|NO|NO|SI|SI|NO|NO|SI|SI
SUPER DROGAS MODELO|NO|CLL 1 N # 10-42|MODELO|NO |NO |NO|NO|SI|NO|SI|NO|NO|NO
FARMA.TODO EXPRESS|NO|CRA 11 Nª 3N-21|MODELO|NO |NO |NO|NO|NO|NO|NO|NO|NO|NO
DROGAS LA VILLA POPAYAN|NO|CRA 15 A Nª 17AN-36 LOCAL 1|MACHANGARA|SI|SI|NO|NO|NO|NO|NO|NO|NO|NO
SALUD HUMANA POPAYAN|NO|CRR 6 Nº 11N-92|RECUERDO|NO|NO|NO|NO|NO|NO|NO|NO|NO|NO
SUPERDROGUERIA LA PAZ DEL NORTE|NO|CALLE 71N  Nº 7B- 23|LA PAZ NORTE|NO|NO|NO|NO|NO|NO|NO|NO|NO|NO
EDUVER GUZMAN|NO|CRA. 17  N° 64N-74|BELLO HORIZONTE|NO|NO|NO|NO|NO|NO|NO|NO|NO|NO
FARMA REBAJA|NO|CR 10N # 68-46|BELLO HORIZONTE|NO|NO|NO|NO|NO|NO|NO|NO|NO|NO
FARMAÉXITO|NO|CR 12 # 71N-32|PLACER|NO|NO|NO|NO|NO|NO|NO|NO|NO|NO
MAXIDROGAS Y REGALOS|NO|CALLE 70 BN Nº 5-59|LA PAZ NORTE|NO|NO|NO|NO|NO|NO|SI|NO|NO|NO
DROFAMILIA|NO|CALLE 73N N°4-58|VILLA DEL NORTE|SI|SI|NO|NO|NO|NO|SI|NO|NO|NO
DROGAS REBARATAS LA QUINTA LA PAZ|SI|CALLE 70AN Nº 5A-58|LA PAZ NORTE|SI|SI|NO|NO|SI|NO|SI|NO|NO|NO
LUZ SALUD|NO|CRA. 13 Nº 71N-71|EL PLACER|SI|SI|NO|NO|NO|NO|SI|NO|NO|NO
DROGUERIA ANDINA NUBIA MARIA|NO|CALLE 67 15-40|BELLO HORIZONTE|NO|NO|NO|NO|NO|NO|SI|NO|NO|NO
SUPER DROGAS SAN ANDRES|NO|CALLE 72N  Nº  12- 54|EL PLACER|SI|SI|NO|NO|NO|NO|SI|SI|NO|NO
INTERDROGAS|NO|CALLE 70 BN Nº 7-03|LA PAZ NORTE|SI|SI|NO|NO|NO|NO|NO|NO|NO|NO
DROGAS SUPER BARATAS PLUS|SI|CRA 12 Nº 70N-13|BELLO HORIZONTE|SI|SI|NO|NO|NO|NO|SI|SI|NO|NO
DROGAS LA CONFIANZA|NO|CALLE 63N Nº 9A-35|BELLA VISTA|SI|SI|NO|NO|NO|NO|SI|NO|SI|SI
FARMACIA BELLA VISTA|NO|CALLE 60N 9A-36|BELLA VISTA|SI|SI|NO|NO|NO|NO|SI|NO|SI|SI
IDEAL DEL NORTE|NO|CALLE 72N Nº 11-63|EL PLACER|NO|NO|SI|NO|NO|NO|SI|NO|SI|NO
STAN DE MEDICAMENTOS|NO|CL 68N #13-08|BELLO HORIZONTE|NO|NO|SI|NO|NO|NO|NO|NO|NO|NO
PHARMAPAZ|NO|CRA. 10  Nº 54N BIS-33|VILLA DEL VIENTO|NO|NO|NO|NO|NO|NO|SI|NO|NO|NO
DROGUERIA DUPAT|NO|CRA. 17 Nº  60N|LA ARBOLEDA|NO|NO|NO|NO|NO|NO|SI|NO|NO|NO
DROGAS LA PAZ POPAYAN|NO|CRA. 4A Nº  70BN-04|VILLA DEL NORTE|SI|SI|NO|NO|NO|NO|SI|NO|NO|NO
MI DROGUERIA|NO|CRA. 17 Nº 62-09|EL UVO|NO|NO|NO|NO|NO|NO|NO|NO|NO|NO
SALUD NATURAL|NO|TRASV.  4B 34N-17 LOCAL 6 |AIDA LUCIA|NO|NO|NO|NO|NO|NO|NO|NO|NO|NO
MAS SALUD BELLO HORIZONTE|NO|CRA. 68N Nº 15-46|BELLO HORIZONTE|NO|NO|NO|NO|NO|NO|NO|NO|NO|NO
DROGUERIA COLOMBIA|NO|CR 67N # 10-67|BELLO HORIZONTE|SI|SI|NO|NO|NO|NO|NO|NO|NO|NO
DROGAS COLOMBIA  BELLO HORIZONTE|NO|CLL 67 # 10-67|BELLO HORIZONTE|NO |NO |NO|NO|NO|NO|NO|NO|NO|NO
INTERFARMA|NO|CR 9 # 60N-151|VILLA DEL VIENTO|NO |NO |NO|NO|NO|NO|NO|NO|NO|NO
AMIGA SALUD NORTE 2|NO|CR 12 # 67N-07|BELLO HORIZONTE|SI|SI|NO|NO|NO|NO|NO|NO|NO|NO
SUPER ECONOMICA DEL CAUCA|NO|CLL 68N # 11-14|BELLO HORIZONTE|NO|NO|NO|NO|NO|NO|NO|NO|NO|NO
SUPER DROGAS ALKOSTO (BELLO)|NO|CR 12N # 10-67|EMPEDRADO|NO|NO|NO|NO|NO|NO|NO|NO|NO|NO
MEDIFARMA GRAN BRETAÑA|NO|CR 17 # 58N-60|GRAN BRETAÑA|NO|NO|NO|NO|NO|NO|NO|NO|NO|NO
DROGUERIA LA PAZ DE POPAYAN|NO|CRA  4 Nº 70BN-04|VILLA DEL NORTE|SI|SI|NO|NO|NO|NO|SI|NO|NO|NO
SUPER DISTRIBUCIONES J.M.|NO|CL 70 BN # 6-15|LA PAZ NORTE|NO |NO |NO|NO|SI|NO|NO|NO|NO|NO
SUPERDROGAS EL RECUERDO|NO|CR 12 # 70N-13 LOCAL 3|BELLO HORIZONTE|NO |NO |NO|NO|NO|NO|NO|NO|NO|NO
ALIANZA  DE OCCIDENTE DAO N° 4|SI|CRA.9N N°18N-05|CIUDAD JARDIN|SI|SI|NO|NO|NO|NO|NO|NO|NO|NO
DROGAS LA SALUD PLUS|NO|CRA. 6 Nº 7N-65|BOLIVAR|SI|SI|NO|NO|NO|NO|SI|SI|NO|NO
LOS ANGELES Nº 2|SI|CRA. 6 Nº 7N -59|BOLIVAR|SI|SI|NO|NO|NO|NO|SI|SI|NO|NO
DROGAS LA REBAJA  5 |SI|CRA. 9  Nº 20N - 04|CIUDAD JARDIN|SI|SI|NO|NO|NO|NO|NO|NO|SI|SI
DROGUERIA SAMAI HNOS|NO|CRA. 6  Nº  14N 19|BOLIVAR|SI|SI|SI|SI|SI|SI|NO|NO|NO|NO
TODOPHARMA PLUSS|NO|CALLE 15N  N° 5-50|LA ESTANCIA|NO|NO|NO|NO|NO|NO|NO|NO|NO|NO
DROGAS LA REBAJA Nº 1|SI|CALLE 1 N  Nº 6-01|BOLIVAR|SI|SI|NO|NO|NO|NO|NO|NO|NO|NO
DROGUERIA  NORTE|NO|CALLE 3 N  Nº 6- 35|BOLIVAR|SI|SI|NO|NO|NO|NO|NO|NO|SI|NO
SUPERTIENDA OLIMPICA 580 POPAYAN|NO|CRA 9 Nº 24N- 80|CIUDAD JARDIN|SI|SI|NO|NO|NO|NO|NO|NO|SI|SI
SANISALUD|NO|CRA. 6 Nº 26AN - 79|LOS HOYOS|NO|NO|NO|NO|NO|NO|NO|NO|NO|NO
PLENISALUD|NO|CAL. 27 N  N° 7 A - 50|PALACE|NO|NO|NO|NO|NO|NO|NO|NO|NO|NO
DROGUERIA AMIGA SALUD NORTE|NO|CRA. 6 Nº 28N- 137|GALICIA|SI|SI|NO|NO|NO|NO|SI|NO|SI|NO
CONTINENTAL|NO|CRA. 6 Nº 4N- 26|BOLIVAR|SI|SI|NO|NO|NO|NO|NO|NO|NO|NO
LOS HOYOS|NO|CALLE 25 N  Nº 5-46|LOS HOYOS|NO|NO|NO|NO|NO|NO|NO|NO|NO|NO
SALUD MEDIK|NO|CRA. 6 Nº  19AN- 05|CIUDAD JARDIN|SI|SI|NO|NO|NO|NO|NO|NO|NO|NO
ACTIVA ESPRESS|NO|CRA. 6 Nº 27N-86|LOS HOYOS|SI|SI|NO|NO|NO|NO|SI|NO|SI|NO
DROGUERIA INSTITUCIONAL|NO|CRA  6 Nª 5N-33|BOLIVAR|NO|NO|NO|NO|NO|NO|SI|NO|SI|NO
DROGAS ECONOMICAS|NO|CALLE 35 Nº 4N- 129 |YAMBITARA|SI|SI|NO|NO|NO|NO|SI|SI|SI|NO
LA REBAJA DROGUERIA 1 |SI|CRA. 6 Nº  30N-82|LOS HOYOS|SI|SI|NO|NO|SI|SI|NO|NO|SI|SI
COSMOS|NO|CRA.  6 Nº 24N- 44|LOS HOYOS|NO|NO|SI|NO|NO|NO|NO|NO|SI|SI
DROGUERIA BOLIVAR PLUS|NO|CRA. 6  Nº 7N-51|BOLIVAR|SI|SI|NO|NO|NO|NO|NO|NO|SI|NO
DROGAS LA SALUD NORTE|NO|CRA. 9 Nº 20N-44|CIUDAD JARDIN|NO|NO|NO|NO|NO|NO|NO|NO|SI|SI
DROGUERÍA ALIANZA  DE OCCIDENTE Nº 8|SI|CRA 6 Nº 18 N - 61 LC 1 ED JP|CIUDAD JARDIN|SI|SI|NO|NO|SI|SI|SI|SI|SI|SI
SANISALUD|NO|CRA. 6  Nº  7N- 55|BOLIVAR|SI|SI|NO|NO|NO|NO|NO|NO|NO|NO
FARMA ESTANCIA|NO|CALLE 18 Nº 4-17 LOCAL 102|LA ESTANCIA|SI|SI|NO|NO|SI|SI|SI|NO|NO|NO
DROGUERIA EQUILIBRIO|SI|CALLE 18N Nº 7-25|EL RECUERDO|SI|SI|NO|NO|SI|NO|SI|SI|SI|SI
DROGUERIA SERENISIMA|NO|CRA. 2 Nº 20BN-07|BALCONES DE POMONA|NO|NO|NO|NO|NO|NO|NO|NO|SI|NO
DISTRIMEIN DEL VALLE SAS DISPENSARIO|NO|CLL 1 3-50 LOCAL 1|BOLIVAR|SI|SI|NO|NO|NO|NO|SI|NO|SI|NO
FARMACOLOMBIA|NO|CR 6 # 27N-56|LOS HOYOS|NO|NO|NO|NO|NO|NO|NO|NO|NO|NO
DROGAS LA ECONOMIA POPAYAN 2|SI|CR 6 # 8N-07|BOLIVAR|NO|NO|NO|NO|NO|NO|SI|SI|NO|NO
DROGUERIA ETICOS|NO|CRA 6 # 26BN-67|LOS HOYOS|NO|NO|NO|NO|NO|NO|NO|NO|NO|NO
FARMACOL POPAYÁN 1|NO|CRA 27A N 7-75 ESQUINA|STA HELENA|NO|NO|NO|NO|NO|NO|NO|NO|SI|SI
PHARMAMEDICAL DE COLOMBIA|NO|CAR. 7 Nº 18N-59|CIUDAD JARDIN|SI|SI|NO|NO|NO|NO|NO|NO|NO|NO
DROGUERIA DISFARMA SAUSALITO|NO|CLL 1N # 3-26|CENTRO|SI|SI|NO|NO|NO|NO|NO|NO|NO|NO
DROGUERIA MULTIFARMA POPAYAN 1|SI|CRA 8 11N-09 LC 6 |PRADOS DEL NORTE|SI|SI|NO|NO|NO|NO|NO|NO|SI|SI
PUNTO MEDICO DISTRIBUCIONES DE COLOMBIA S.A|NO|CRA.15N° 5-66|VALENCIA|SI|SI|NO|NO|NO|NO|NO|NO|SI|NO
DROGAS LA SALUD  DEL CENTRO|NO|CRA. 6 Nº 5- 60|CENTRO|SI|SI|NO|NO|SI|SI|NO|NO|NO|NO
SUPERDROGUERÍAS EL VECINO|NO|CALLE 5 A. N°13-51|VALENCIA|SI|SI|NO|NO|NO|NO|SI|SI|SI|SI
DROGAS SAN FERNANDO|NO|CRA 8  Nº 9-69|SAN CAMILO|NO|NO|NO|NO|NO|NO|NO|NO|NO|NO
DROGAS SUPER DESCUENTOS |NO|CALLE 5  Nº 14 - 27|VALENCIA|SI|SI|NO|NO|SI|NO|SI|SI|SI|SI
SUMINISTROS MEDICOS JPC|NO|CRA. 15 A. N° 5 A-30|VALENCIA|NO|NO|NO|NO|NO|NO|NO|NO|NO|NO
DROGUERIA ALIANZA DE OCCIDENTE DAO 16|SI|CRA. 8 Nº 5- 91|CENTRO|SI|SI|SI|NO|NO|NO|SI|SI|NO|NO
LA REBAJA N° 6|SI|CRA. 6 Nº 6-06|CENTRO|NO|NO|NO|NO|SI|NO|NO|NO|NO|NO
CENCOIC|NO|cll 8 5-48|CENTRO|SI|SI|NO|NO|NO|NO|NO|NO|SI|NO
DROGAS LA REBAJA Nº 3|SI|CALLE 13 No 7-26|EL EMPEDRADO|NO|NO|NO|NO|SI|SI|NO|NO|SI|NO
BIOLAB HEALTHCARE|NO|CRA 10 A Nº 8- 124|LAS AMERICAS|NO|NO|NO|NO|NO|NO|NO|NO|NO|NO
DROGUERIA DISTRIPHARMA|NO|CALLE 4 N° 11-38|CADILLAL|SI|SI|NO|NO|NO|NO|SI|NO|NO|NO
FARMASALUD|NO|CRA. 11 N° 6-79|VALENCIA|NO|NO|NO|NO|NO|NO|NO|NO|NO|NO
MEDICAMENTOS ESENCIALES|NO|CALLE 5 Nº 10-95|CENTRO|NO|NO|NO|NO|NO|NO|NO|NO|NO|NO
DROGUERIA SALAMANCA|NO|CRA 6 Nº 12 -01|EL EMPEDRADO|SI|SI|NO|NO|NO|NO|SI|SI|SI|SI
DISTRIDROGAS TODO EN SALUD EXPRESS|NO|CRA 7 5-78|CENTRO|SI|SI|NO|NO|SI|SI|NO|NO|NO|NO
DROGAS REBARATAS LA 13|SI|CRA 7 Nº 12- 84|EMPEDRADO|SI|SI|NO|NO|NO|NO|SI|NO|NO|NO
DROGUERIA COMFANDI |SI|CALLE  6 Nº  4- 02|CENTRO|SI|SI|SI|SI|SI|FAVORABLE|NO|NO|NO|NO
DROGUERIA ALIANZA DE OCCIDENTE # 3|SI|CALLE 5 Nº 7-83|CENTRO|SI|SI|NO|NO|NO|NO|SI|SI|NO|NO
DROGUERIA ALIANZA DE OCCIDENTE # 5 SALUD DROGAS|SI|CRR 7 # 6 - 20|CENTRO|SI|SI|SI|SI|NO|NO|SI|NO|SI|NO
DISTRIDROGAS TODO EN SALUD|NO|CALLE 4 Nº 7- 67|CENTRO|SI|SI|NO|NO|NO|NO|NO|NO|NO|NO
CAUCANITA|NO|CALLE 13 Nº 13A- 04|COLOMBIA I ETAPA|SI|SI|NO|NO|SI|SI|NO|NO|SI|SI
LA COLMENA|NO|CALLE  13  Nº 12A- 06|COLOMBIA 1. ETA.|SI|SI|NO|NO|SI|NO|NO|NO|SI|SI
FAMISALUD CAUCA|NO|CALLE  2 Nº 10-12|SAN FRANCISCO|SI|SI|NO|NO|NO|NO|NO|NO|NO|NO
DROGAS NATURAL LIFE.|NO|CALLE 1  Nº 12- 85|EL CADILLAL|NO |NO |NO|NO|NO|NO|NO|NO|NO|NO
DROGUERIAS ALIANZA DE OCCIDENTE DAO 10|SI|CALLE 4 Nº 14- 06|CADILLAL|SI|SI|NO|NO|SI|NO|SI|SI|SI|SI
FAMISALUD  LA 7ª|NO|CALLE 7 Nº 6-68|CENTRO|SI|SI|NO|NO|NO|NO|NO|NO|NO|NO
DROGAS SHADDAY|NO|CRA 6 Nº 7-05|CENTRO|SI|SI|NO|NO|NO|NO|NO|NO|NO|NO
DROGUERIA PROVIDENCIA|NO|CRA 10 Nº 7-02|VALENCIA|NO|NO|NO|NO|NO|NO|NO|NO|SI|NO
 DROGUERIA PARQUE CALDAS|NO|CALLE  5 Nº  5-97|CENTRO|SI|SI|NO|NO|SI|SI|NO|NO|NO|NO
LA NACIONAL DE DROGAS|NO|CALLE  7 Nº 4-77|CENTRO|SI|SI|NO|NO|NO|NO|NO|NO|NO|NO
CADILLAL|NO|CALLE 1 Nº 13-52|CADILLAL|NO|NO|NO|NO|NO|NO|NO|NO|NO|NO
CIUDAD BLANCA PLUS|NO|CRA 11  Nº 5- 97|VALENCIA|SI|SI|SI|SI|NO|NO|NO|NO|NO|NO
DAO DROGUERIA N° 2|SI|CRA 7 Nº 6-20|CENTRO|SI|SI|NO|NO|NO|NO|NO|NO|NO|NO
FARMACIA POPAYAN|NO|CALLE  7 Nº 3-19|CENTRO|NO|NO|NO|NO|SI|NO|NO|NO|NO|NO
DROGAS LA REBAJA Nº 2|SI|CALLE 7 Nº 5-80|CENTRO|SI|SI|NO|NO|NO|NO|NO|NO|NO|NO
DROGAS LA ESMERALDA Nº 2|SI|CALLE  4 Nº 16-64|ESMERALDA|NO|NO|NO|NO|NO|NO|SI|SI|NO|NO
DROGUERIA PHARMA SALUD |NO|CRA. 17 N° 6-11|VALENCIA|NO|NO|NO|NO|NO|NO|SI|NO|NO|NO
DROGAS LA SALUD POPAYAN 1|SI|CALLE 5  Nº  16 - 21|ESMERALDA|SI|SI|SI|SI|NO|NO|SI|SI|SI|SI
POPULAR DEL CAUCA|NO|CRTA. 4 N° 9- 56|EL EMPEDRADO|NO|NO|NO|NO|NO|NO|NO|NO|NO|NO
 PANAMERICANA 5ª/DROGAS LA SALUD|NO|CALLE  5 Nº 10-164|CENTRO|NO|NO|SI|NO|NO|NO|NO|NO|NO|NO
LAS AMERICAS DE LA 12|NO|CRA. 7 Nº 9-03|EL EMPEDRADO|NO|NO|NO|NO|NO|NO|NO|NO|NO|NO
FAMI EXPRES POPAYAN|NO|CAR. 11 Nº 7A-32|VALENCIA|SI|SI|NO|NO|NO|NO|NO|NO|NO|NO
CASTRO VITAL|NO|CALLE 6 Nº 15-17|VALENCIA|NO |NO |NO|NO|NO|NO|NO|NO|NO|NO
DROGAS SANTA MARIA PLUS|NO|CALLE 13 Nº 7-46|EL EMPEDRADO|SI|SI|SI|SI|SI|SI|NO|NO|SI|NO
DROMEDICA|NO|CLL 5 # 10-53|CENTRO|NO|NO|NO|NO|NO|NO|NO|NO|NO|NO
MAXI TODO|NO|CRR 8 Nº 2-04|CENTRO|NO|NO|NO|NO|NO|NO|NO|NO|NO|NO
G Y V POPAYAN|NO|CLL 1N # 13-70|EL CADILLAL|NO|NO|NO|NO|NO|NO|NO|NO|NO|NO
VITALFARMA DEL CAUCA|NO|CAR. 15 # ENTRE 2 Y 3 LOCAL|CADILLAL|NO|NO|NO|NO|NO|NO|NO|NO|NO|NO
DROGUERIA MEDIDROGAS|NO|CAR. 2 # 8-03|SANTA INES|NO|NO|NO|NO|NO|NO|NO|NO|NO|NO
DROGUERIA SANTI MV|NO|CLL 13 N° 4-04|ALFONSO LOPEZ|NO|NO|NO|NO|NO|NO|NO|NO|NO|NO
DROGAS CENTRO SALUD PLUS|NO|CRR 5 N° 5-91|CENTRO|NO|NO|SI|NO|NO|NO|NO|NO|NO|NO
FARMA BLANCA|NO|CLL 13 Nª 13B-39|SAN RAFAEL|SI|SI|NO|NO|SI|SI|NO|NO|NO|NO
SAN SEBASTIAN DROGUERIA LA 13|NO|CLL 13 Nª 13-03|LA 13|SI|SI|NO|NO|SI|SI|NO|NO|SI|NO
DON JULIO DROGUERIAS |NO|CALLE 13A Nº 2AE-12|LAS FERIAS|NO |NO |NO|NO|NO|NO|NO|NO|SI|SI
SALUD FHARMA|NO|CALLE 15 Nº1E-10|LA FLORESTA|NO|NO|NO|NO|NO|NO|NO|NO|NO|NO
SALUD PHARMA POPAYAN|NO|CALLE 13 A Nº 2AE-12|LAS FERIAS|NO|NO|SI|NO|NO|NO|NO|NO|NO|NO
FAMIDROGAS POPAYAN|NO|CLL 15 1E-10|LA FLORESTA|NO|NO|NO|NO|NO|NO|NO|NO|SI|SI
SAN FERNANDO  1° DE MAYO|NO|CALLE 17 N°18-91 L-2|1° DE MAYO|NO|NO|NO|NO|NO|NO|NO|NO|NO|NO
LOS COMUNEROS|NO|CRA. 6 N° 17-03|LOS COMUNEROS|NO|NO|NO|NO|NO|NO|NO|NO|NO|NO
DROGUERIA LA TRECE|NO|CALLE 13  Nº 5-92|ALFONSO LOPEZ|SI|SI|NO|NO|SI|NO|SI|SI|SI|SI
MAXIDROGAS LA 13|NO|CRA. 11 Nº 13 - 04|JOSE HILARIO|SI|SI|NO|NO|SI|SI|NO|NO|SI|SI
DISTRIDROGAS LA 22|NO|CALLE  22 Nº 9-24|DEAN BAJO|SI|SI|NO|NO|NO|NO|NO|NO|SI|SI
UNIVERSAL|NO|CALLE  17 Nº  8-48|1º DE MAYO|NO|NO|NO|NO|NO|NO|NO|NO|NO|NO
DROGAS LEAL LA NOVENA|NO|CRA. 9 Nº 23-25|SINDICAL|SI|SI|NO|NO|SI|NO|SI|SI|SI|SI
SUPER DROGAS LA SEPTIMA FRANCO|NO|CLL 24 6-98(CRA. 7 Nº 18-36)|LOS COMUNEROS|NO|NO|NO|NO|NO|NO|SI|NO|SI|NO
DROGUERIA SUPER SALUD R VENDING|NO|CRR 8 CON 17 ESQUINA # 13-184 LOCAL 3|1º DE MAYO|NO|NO|NO|NO|NO|NO|NO|NO|NO|NO
DROGUERIA POPULAR|NO|CLL 13 N° 6-45|ALFONSO LOPEZ|NO|NO|NO|NO|NO|NO|NO|NO|NO|NO
DROGAS CARREFUR|NO|CRR 1E Nº 17-14|LOS SAUCES|SI|SI|NO|NO|NO|NO|SI|SI|SI|SI
SUPER DROGAS SAN RAFAEL|NO|CALLE 15 Nº 17B-59|LA LADERA|NO|NO|NO|NO|NO|NO|NO|NO|NO|NO
SURTI  DROGAS LA QUINCE|NO|CALLE 15 N°17B-23|LA LADERA|NO |NO |NO|NO|NO|NO|NO|NO|NO|NO
DROGUERIA HUMANITARIA |NO|CALLE 15 Nº 17D- 65|LA LADERA|NO|NO|SI|NO|SI|SI|SI|SI|SI|SI
DROGUERIA ES MI SALUD CONFIABLE|NO|CRA. 31  Nº 13-03|31 DE MARZO|NO|NO|NO|NO|NO|NO|SI|SI|SI|SI
DROGAS LA SALUD LA LADERA|NO|CALLE 15 Nº 18- 06|LA LADERA|NO|NO|NO|NO|NO|NO|SI|NO|SI|NO
DROGAS EL MIRADOR|NO|CALLE  15 Nº  28A- 46|MIRADOR|SI|SI|NO|NO|NO|NO|NO|NO|SI|NO
MULTIFAMILIAR DE DROGAS|NO|CRA. 29 Nº  18 - 21|LAS  VEGAS|SI|SI|NO|NO|NO|NO|NO|NO|SI|NO
DROGUERIA PLAZAS EL MIRADOR|NO|CLL 15 Nº 30A-05|MIRADOR|SI|SI|NO|NO|NO|NO|NO|NO|SI|SI
MAS FAMILIA CAUCANA|NO|CALLE 14 Nº 24-38|CHAPINERO|NO|NO|NO|NO|NO|NO|NO|NO|NO|NO
SUPERFARMA M.C|NO|CALLE 23 Nº 11-23|RETIRO  ALTO|NO|NO|NO|NO|NO|NO|NO|NO|NO|NO
MOSQUERA|NO|MANZ. 22 N°  22- 06|TOMAS  CIP.|NO|NO|NO|NO|NO|NO|NO|NO|NO|NO
MENESES|NO|DIAG. 15 Nº 27A-14|SOLIDARIDAD|NO|NO|NO|NO|NO|NO|NO|NO|NO|NO
SUPER DROGUERIA LAS PALMAS|NO|CRA. 37 Nº 5A-15|LAS PALMAS|NO|NO|NO|NO|NO|NO|NO|NO|NO|NO
MUNDIAL ALEX|NO|CALLE 21 N° 28A- 35|LAS VEGAS|NO|NO|NO|NO|NO|NO|NO|NO|NO|NO
DROGAS LA NOVENA |NO|CALLE   9 Nº  32- 20|SAN JOSE ALTO|NO|NO|NO|NO|SI|NO|SI|NO|NO|NO
DROGUERIA LA 28 DEL MIRADOR|NO|CRA. 28 Nº 12-24|EL MIRADOR|NO |NO |NO|NO|SI|NO|NO|NO|SI|NO
DROGAS SANTA RITA|NO|MANZANA 22 Nº 22-10|TOMAS  CIP.|NO|NO|NO|NO|NO|NO|NO|NO|NO|NO
SUSALAN SALUD|NO|CALLE 15 Nº 20-65|RETIRO  ALTO|NO |NO |NO|NO|NO|NO|NO|NO|NO|NO
MAS SALUD II|NO|CRA. 15 Nº 18-29|RETIRO  ALTO|NO |NO |NO|NO|NO|NO|NO|NO|NO|NO
DROGUERIA DROSALUD|NO|CLL 9 Nº 34-39|LOS CAMPOS|NO |NO |NO|NO|NO|NO|NO|NO|NO|NO
COOPSERVIR Nº 4|NO|CRA. 18 Nº  5- 02|LA ESMERALDA|NO |NO |NO|NO|NO|NO|NO|NO|NO|NO
DROGAS CALIDAD|NO|CRA. 18 Nº 5A- 06|LA ESMERALDA|SI|SI|NO|NO|NO|NO|NO|NO|SI|NO
DROGAS PURACE|NO|CALLE 5 Nº  18 -81|LA ESMERALDA|NO|NO|NO|NO|NO|NO|NO|NO|NO|NO
PUBENZA|NO|CRA. 20 N° 8B-17|LA ESMERALDA|NO|NO|NO|NO|NO|NO|NO|NO|NO|NO
PUBENZA PLUSS|NO|CR 20 Nª 8C-17|LA ESMERALDA|NO|NO|NO|NO|NO|NO|NO|NO|NO|NO
R.G.J.|NO|CRA 17 Nº  8-12|LA ESMERALDA|NO|NO|NO|NO|NO|NO|NO|NO|NO|NO
DROGUERIA DORADO|NO|CALLLE 5 No 27/15|SANTA HELENA|NO|NO|SI|SI|NO|NO|NO|NO|SI|SI
DROGAS SAN GABRIEL|NO|CALLE  5 Nº 29- 53|SANTA ELENA|NO|NO|SI|NO|NO|NO|NO|NO|NO|NO
SOLY|NO|CALLE  5 Nº 19-53|LA ESMERALDA|SI|SI|NO|NO|NO|NO|NO|NO|NO|NO
ALIYA|NO|CALLE  4 Nº26- 126|CAMILO TORRES|NO|NO|NO|NO|NO|NO|NO|NO|NO|NO
SUPER DROGAS CAMILO  T.|NO|CALLE 4 Nº 25-122|CAMILO TORRES|NO|NO|SI|NO|NO|NO|NO|NO|SI|SI
DROGAS LA 23|NO|CRA 23 Nº 6- 15|JOSE Mº. OBANDO|NO|NO|NO|NO|NO|NO|NO|NO|SI|NO
ESPERANZA Y SALUD|NO|CRA 17 Nº 7- 24|LA ESMERALDA|SI|SI|NO|NO|NO|NO|NO|NO|NO|NO
MEDISALUD DEL VALLE|NO|CALLE 4 Nº 21-08|PANDIGUANDO|NO|NO|NO|NO|NO|NO|NO|NO|NO|NO
UNIVERSAL C. J.|NO|CALLE 7 Nº 20A-06|JOSE Mº. OBANDO|NO|NO|NO|NO|NO|NO|SI|NO|NO|NO
DROGUERIA SUPER SALUD|NO|CALLE 8 Nº 18-73|LA ESMERALDA|SI|SI|SI|SI|SI|SI|NO|NO|NO|NO
SUPER DROGAS  LA 5ª|NO|CALLE 5 Nº 22A- 39|JOSE Mº. OBANDO|NO|NO|NO|NO|NO|NO|NO|NO|SI|SI
SALUD DROGAS PLUS|NO|CALLE 8 N°17-42|ESMERALDA|SI|SI|NO|NO|NO|NO|NO|NO|NO|NO
COSMO SALUD|NO|CALLE 7 Nº 19-43|LA ESMERALDA|NO|NO|NO|NO|NO|NO|NO|NO|NO|NO
DROGAS LA 18 POPAYAN|NO|CRA. 18 Nº 6-05|LA ESMERALDA|NO|NO|NO|NO|NO|NO|NO|NO|NO|NO
FARMACIA SANTA LUISA|NO|KRA 18 12-20|PAJONAL|NO|NO|NO|NO|NO|NO|NO|NO|SI|NO
DROGUERIA MEDICAL POPAYAN|NO|CRA 19 Nº 5A - 42|LA ESMERALDA|SI|SI|NO|NO|NO|NO|NO|NO|SI|NO
SUPER DROGAS LA 4ª|S|CRA 17 Nº  3-20|PANDIGUANDO|SI|SI|NO|NO|NO|NO|NO|NO|NO|NO
EL OBANDO POPAYAN|NO|CALLE 5 Nº 20- 43|JOSE Mª. OBANDO|NO|NO|NO|NO|NO|NO|NO|NO|NO|NO
DROGUERIA MAS SALUD LA ESMERALDA |NO|CALLE 8B Nº 19-02|LA ESMERALDA|SI|SI|NO|NO|NO|NO|SI|SI|SI|SI
METPHARMA|NO|CRA. 20  N° 8A- 11|LA ESMERALDA|NO|NO|NO|NO|NO|NO|NO|NO|NO|NO
DROGUERIA OLIMPICA|NO|CALLE 6 Nº  18 -06|LA ESMERALDA|NO|NO|SI|NO|NO|NO|NO|NO|SI|SI
ECONOPHARMA LA 5°.|NO|CALLE 5 Nº17-82|LA ESMERALDA|SI|SI|NO|NO|SI|SI|NO|NO|SI|SI
DROGUERIAS MASBARATAS DE OCCIDENTE STA HELENA|NO|CALLE 7 Nº 21A- 40|JOSE Mº. OBANDO|NO|NO|NO|NO|NO|NO|NO|NO|NO|NO
DROGAS LA SALUD|SI|CALLE 7 Nº 19-61|LA ESMERALDA|NO|NO|NO|NO|NO|NO|NO|NO|NO|NO
DROGAS LA ECONOMIA POPAYAN 1|NO|CALLE 6 Nº 6-97|CENTRO|SI|SI|SI|NO|NO|NO|NO|NO|NO|NO
SUPER DROGAS ALKOSTO|NO|KRA 10B 15-04|VALPARAISO|SI|SI|NO|NO|SI|SI|NO|NO|SI|SI
SERVIDROGAS LA QUINTA LA ESMERALDA|NO|CALLE 5 CON 17 ESQUINA|LA ESMERALDA|NO|NO|NO|NO|SI|NO|SI|NO|SI|NO
BUENA SALUD|NO|CALLE 7 Nº 21A-40|JOSE Mº. OBANDO|NO|NO|NO|NO|NO|NO|NO|NO|NO|NO
DROGUERIA UNICA DE OCCIDENTE DEL CAUCA|NO|CR 6 # 7-37|CENTRO|SI|SI|NO|NO|SI|SI|NO|NO|SI|NO
FARMACIA LOS PAISAS|NO|CR 18 # 7B-29|LA ESMERALDA|SI|SI|SI|SI|NO|NO|NO|NO|NO|NO
DROGAS LA SALUD|SI|CLL 5 # 20-43|JOSE Mº. OBANDO|NO|NO|NO|NO|NO|NO|NO|NO|NO|NO
DRISTRIDROGAS LA 28|NO|CLL 2 # 27-121 LOCAL 1|CAMILO TORRES|NO|NO|NO|NO|NO|NO|NO|NO|NO|NO
ALIANZA SUR PLUS|NO|CRA 17 Nª 7B-30|LA ESMERALDA|NO|NO|NO|NO|NO|NO|NO|NO|NO|NO
DROGUERIA A SU SERVICIO CAUCA|NO|CRA 17 Nª 7B-30|LA ESMERALDA|SI|SI|NO|NO|SI|SI|NO|NO|SI|SI
DROGUERIA MAS BARATAS DE OCCIDENTE ESMERALDA |SI|CRA 19 # 6A-33 LOCAL1|LA ESMERALDA|SI|SI|NO|NO|SI|NO|SI|SI|NO|NO
EXITOSA VITAL|NO|CR 28 Nª 4-52|CAMILO TORRES|SI|SI|SI|NO|NO|NO|NO|NO|SI|SI
PROSALUD DEL CAUCA|NO|CALLE 5 Nº34-14|CARLOS  1º|NO|NO|NO|NO|NO|NO|SI|NO|NO|NO
DROGUISALUD|NO|CALLE 5 N° 38-26|LA MARIA OCCIDENTE|NO|NO|NO|NO|NO|NO|NO|NO|NO|NO
OCCIDENTE|NO|CALLE  5 Nº 40- 32|LA MARIA-|NO|NO|NO|NO|NO|NO|NO|NO|NO|NO
LUXOR|NO|CRA 41 N 2A-53|MARIA OCCIDENTE|NO|NO|NO|NO|NO|NO|NO|NO|NO|NO
DROGAS LA MARIA OCCIDENTE|NO|CALLE 2 N° 40B-08|LA MARIA-|NO|NO|NO|NO|NO|NO|NO|NO|SI|NO
DROGUERIA S Y S|NO|CRA 41 Nº 2-25|LA MARIA OCCIDENTE|NO|NO|NO|NO|NO|NO|NO|NO|SI|SI
TATY SALUD|NO|CALLE 5 Nº 36- 70|CARLOS  1º|NO|NO|NO|NO|NO|NO|NO|NO|NO|NO
SURTIDROGAS PAULY|NO|CALLE 5 Nº 32- 28|LA SOMBRILLA|NO|NO|NO|NO|NO|NO|NO|NO|SI|SI
DROGUERIAS  JB POPAYAN|NO|CALLE 3A Nº 57- 01|LOMAS  GRANADA|SI|SI|NO|NO|SI|SI|NO|NO|NO|NO
SU DROGUERIA|NO|CALLE 2 Nº 56-25|LOMAS  GRANADA|NO|NO|NO|NO|NO|NO|NO|NO|NO|NO
SU DROGUERIA LOMAS DE GRANADA|NO|CLL 3 Nº 56-62|LOMAS  GRANADA|SI|SI|NO|NO|SI|NO|NO|NO|NO|NO
PATY SALUD|NO|CALLE 2E  Nº 56 - 01|LOMAS  GRANADA|NO|NO|NO|NO|NO|NO|NO|NO|NO|NO
 MAS BARATAS DE OCCIDENTE|SI|CALLE 2C Nº 56-02|LOMAS  GRANADA|SI|SI|NO|NO|NO|NO|SI|SI|NO|NO
DROGUERIA MAS BARATAS DE OCCIDENTE LOMAS|SI|CLL 4 56A- 61|LOMAS DE GRANADA|SI|SI|NO|NO|NO|NO|SI|SI|NO|NO
DROGUERIA VITAL LOMAS DE GRANADA|NO|CR 56 Nº 3B-15|LOMAS  GRANADA|SI|SI|NO|NO|SI|SI|NO|NO|NO|NO
DROGUERIA LA 38|NO|CALLE 2 Nº 39-26|LA MARIA OCCIDENTE|NO|NO|NO|NO|NO|NO|NO|NO|NO|NO
CONFIAN SALUD|NO|CALLE 5 Nº 29-42|LA SOMBRILLA|NO|NO|NO|NO|NO|NO|NO|NO|NO|NO
LA EXITOSA|NO|CRA.  56 Nº  3B - 15|LOMAS  GRANADA|SI|SI|NO|NO|NO|NO|NO|NO|NO|NO
DROGAS SALUD ISABEL|NO|TORRE 6 APARTAMENTO 105|VALLE DEL HORTIGAL|NO|NO|NO|NO|SI|NO|NO|NO|NO|NO
MULTIDROGAS DE OCCIDENTE|NO|CLL 5 Nº 34-42|LA SOMBRILLA|NO|NO|NO|NO|SI|NO|NO|NO|NO|NO
DROGUERIA SAN JOSE|NO|CRR 33 N° 7-01|SAN JOSE|NO|NO|NO|NO|NO|NO|NO|NO|NO|NO
DROGUERIA OCCIDENTE CMQ|NO|CLL 5 Nº 40-32|MARIA OCCIDENTE|NO|NO|NO|NO|NO|NO|NO|NO|NO|NO
SUPER SALUS PLUS 2|NO|CRA 17 N #20A-41|NUEVA GRANADA|SI|SI|SI|NO|SI|SI|NO|NO|NO|NO
SUPERDROGAS LA CUARTA DOS|SI|CALLE 4 17-86|PANDIGUANDO|NO|NO|NO|NO|NO|NO|NO|NO|SI|NO
DROGUERIA CRUZ VERDE TORINO|NO|CRA 8 17N-15|EL RECUERDO|NO|NO|NO|NO|NO|NO|NO|NO|SI|SI
DROGUERÍA LA 13|NO|calle 13 5-92|ALFONSO LOPEZ|NO|NO|SI|NO|NO|NO|NO|NO|NO|NO
DROGUERIA DROFAMILIA NICOLL|NO|CALLE 73N N°4-58|VILLA DEL NORTE|SI|SI|SI|SI|NO|NO|SI|NO|NO|NO
INTERDROGAS|NO|CLLA 70BN 7-15|LA PAZ NORTE|SI|SI|SI|SI|NO|NO|NO|NO|NO|NO
DROGUERIA TODO EN SALUD LA 5|NO|CALLE 5 CON KRA 9 N- 9-03|CENTRO|SI|SI|SI|SI|NO|NO|NO|NO|SI|SI
DO 584 CENTRAL SAN FRASCISCO|NO|CALLE 4 # 8-89 LOCAL 5|CENTRO|SI|SI|SI|SI|NO|NO|NO|NO|SI|SI
CUTIS|NO|CALLE 9#24AN21 LOCAL 26|CAMPANARIO|SI|SI|SI|NO|NO|NO|NO|NO|NO|NO
VIDA SALUD LA 22|NO|CALLE 7N 22A-35|JOSE Mº. OBANDO|SI|SI|SI|SI|NO|NO|SI|SI|SI|SI
DROGUERIA PROSALUD EXPRES|NO|CALLE 7N 22-20|JOSE Mº. OBANDO|NO|NO|SI|NO|NO|NO|NO|NO|NO|NO
FUNDA SALUD|NO|CALLE 3N 8-07|MODELO|SI|SI|SI|NO|SI|SI|NO|NO|NO|NO
DROGUERIA BELLO HORIZONTE|NO|KR 12N 70N-13|BELLO HORIZONTE|SI|SI|SI|NO|NO|NO|SI|SI|SI|SI
SUPER DROGAS EL RECUERDO|NO|KR 12#70N-13 LOCAL 3|BELLO HORIZONTE|NO|NO|SI|SI|NO|NO|NO|NO|SI|NO
DROGUERIA INTEGRAL PLUS|NO|CRA 11 7-36|VALENCIA|SI|SI|SI|SI|SI|SI|NO|NO|SI|SI
DROGUERIA INTEGRAL EXPRESS|NO|CALLE 5N 18-37|ESMERALDA|SI|SI|NO|NO|SI|SI|NO|NO|SI|SI
VITALFARMA PLUS|NO|CR 18# 7B-29|ESMERALDA|SI|SI|SI|SI|SI|SI|NO|NO|SI|SI
SUPERTIENDAS OLIMPICA STO 581 CENTRAL POPAYÁN|NO|CALLE 2N 7-74|MODELO|SI|SI|SI|SI|NO|NO|NO|NO|NO|NO
SUPERDROGAS LA PAZ DEL NORTE|NO|CALLE 71N 7B-23|LA PAZ NORTE|NO|NO|SI|SI|NO|NO|NO|NO|NO|NO
DROGUERIA LA ESTACIÓN|NO|cra 2 21n-05|BOSQUES DE POMONA|SI|SI|SI|SI|SI|NO|SI|SI|SI|NO
DROGUERIA DROSALUD DEL CAUCA|NO|CALLE 68N 15-35|BELLO HORIZONTE|SI|SI|SI|SI|NO|NO|SI|SI|NO|NO
DROGUERIA MI MILENIO CAUCA|NO|CALLE 73N 2B-27|VILLA DEL NORTE|NO|NO|SI|NO|NO|NO|NO|NO|NO|NO
DROGAS MAS SALUD LA LADERA|NO|CALLE 15N-17B-53|LA LADERA|SI|SI|SI|NO|SI|SI|SI|SI|SI|SI
FARMACIA LOS PAISAS|NO|CALLE 17N 04-06|LOS SAUCES|SI|SI|SI|SI|SI|SI|SI|SI|SI|SI
BUEN PRECIO 2 (ALIANZA DE OCCIDENTE 079)|SI|CALLE 5N 31-75 ESQUINA|SAN JOSE|SI|SI|SI|NO|SI|SI|NO|NO|SI|SI
DROGUERIA SAN PABLO|NO|CALLE 5 30-150|LA SOMBRILLA|SI|SI|SI|NO|NO|NO|NO|NO|SI|SI
DISTRIDROGAS LA 22|NO|CALLE 22 9-24|DEAN BAJO|SI|SI|SI|SI|SI|SI|NO|NO|NO|NO
DROGUERIA SUPER DROGAS SAN RAFAEL|NO|CALLE 15 17B-59|LADERA|NO|NO|SI|NO|NO|NO|NO|NO|NO|NO
UNIDROGAS DEL NORTE|NO|CR 8 No 11-22|EL EMPEDRADO|NO |NO |NO|NO|SI|NO|NO|NO|NO|NO
SURTIDROGAS FERNANDO IVAN 31|NO|KRA 6 No 18N- 02|EL RECUERDO|SI|SI|NO|NO|SI|NO|NO|NO|SI|SI
DROGUERIA BUEN PRECIO 1|NO|KRA 6 10N-135|BOLIVAR|SI|SI|NO|NO|SI|NO|SI|SI|SI|NO
DROGUERIA NUEVA ALIANZA NORTE PLUS|NO|KR 9 63N-106|BELLA VISTA|SI|SI|NO|NO|SI|SI|SI|SI|SI|SI
COOEMSSANAR SF DROGUERIA POPAYA N II|SI|CARRERA 14 7-43|VALENCIA|SI|SI|NO|NO|SI|SI|SI|SI|SI|NO
SERVIDROGAS PHARMA S.A.S|NO|CRA 6 26N-02|LOS HOYOS|SI|SI|SI|NO|SI|SI|NO|NO|SI|SI
DROGUERIAS VALLE DE PUBENZA 1|NO|CALLE 15 15-12|MACHANGARA|SI|SI|NO|NO|SI|NO|SI|SI|SI|SI
LA REBAJA DROGUERIA N 4|SI|KRA 18N 5-02|ESMERALDA|NO|NO|NO|NO|SI|SI|NO|NO|SI|NO
DROGUERIA NUEVA ALIANZA NORTE N2|SI|CARRERA 6 27N-56|LOS HOYOS|NO |NO |NO|NO|SI|NO|SI|NO|NO|NO
DROGUERIA FARMASALUD|NO|KRA 11 7-00|VALENCIA|NO |NO |NO|NO|SI|NO|SI|NO|NO|NO
DROGUERIA ANGELES 1|SI|CALLE 7 Nº 5- 72|CENTRO|SI|SI|NO|NO|SI|SI|NO|NO|NO|NO
FARMAHORRRO PLUS DROGUERIA|NO|CALLE 27N 7-34|PALACE|NO |NO |NO|NO|SI|SI|NO|NO|NO|NO
DROGUERIA MENNAR|SI|CARRERA 6A # 10 N - 73 Y 10 N - 75|BOLIVAR|SI|SI|NO|NO|SI|NO|SI|SI|NO|NO
CRUZ VERDE(CAMPANARIO)|SI|CARRERA 9 Nro 24A NORTE LOCAL 21 LOCAL 128|CAMPANARIO|SI|SI|NO|NO|SI|SI|SI|SI|NO|NO
DROGUERIA Y AUTOSERVICIO PUNTO MARKET|SI|CLL 9 7N-06|BELALCAZAR|SI|SI|NO|NO|SI|SI|NO|NO|SI|NO
DROGUERIAS MASBARATAS DE OCCIDENTE CHAMA|SI|MANZANA 3 LOTE 56|CHAMA|NO|NO|NO|NO|SI|NO|NO|NO|NO|NO
DROGAS ANGELITO PLUS|NO|CALLE 7 21-39|JOSE Mº. OBANDO|NO|NO|NO|NO|SI|NO|NO|NO|NO|NO
DROGUERIA ZOHAR|NO|KRA 8 9-69|CENTRO|NO|NO|NO|NO|SI|NO|SI|SI|SI|SI
DROGAS REBARATAS POPAYAN|SI|CRA 6 70AN-06|LA PAZ NORTE|SI|SI|SI|NO|NO|NO|NO|NO|NO|NO
DROGUERIA ECONOMICA LA 17|NO|CRA 17 63BN-22|EL UVO|SI|SI|SI|SI|NO|NO|NO|NO|NO|NO
DROGUERIA DROFAMILIA GERONIMO|NO|CALLE 73CN 1-81|MATAMOROS|SI|SI|SI|SI|NO|NO|NO|NO|NO|NO
DROGUERIA MAS BARATAS MORINDA|SI|CRA 17 56N-50|ALTOS DE MORINDA|SI|SI|SI|SI|NO|NO|NO|NO|NO|NO
FARMADRISTRI ORIENTE|NO|CALLE 10 14-41|LAS AMERICAS|SI|SI|NO|NO|SI|SI|SI|SI|NO|NO
DROGAS UNO A|NO|CALLE 6A 17-30|ESMERALDA|NO|NO|NO|NO|SI|NO|NO|NO|SI|SI
METPHARMA METROPOLITANPHARMA|NO|CLL 16 2-123|SOLIDARIDAD|NO|NO|NO|NO|SI|NO|NO|NO|SI|SI
DROGAS CATAY PLUS 2|NO|KRA 24 16A-15|SOLIDARIDAD|NO|NO|NO|NO|SI|NO|NO|NO|NO|NO
FARMA VIDA DE OCCIDENTE|NO|CALLE 15 18A-29|LADERA|NO|NO|NO|NO|SI|NO|SI|NO|NO|NO
DROGUERIA PARQUE DE LAS GARZAS|NO|CALLE 4A 52 APTO 103 TORRE 22A|PARQUE DE LAS GARZAS|NO|NO|NO|NO|NO|NO|NO|NO|NO|NO
BRINDO SALUD DROGUERIA|NO|KRA 19 6A-06|ESMERALDA|SI|SI|NO|NO|SI|SI|NO|NO|NO|NO
DROGUERIA SUPER ECONOMICAS |NO|CALLE 9 20-99|RETIRO BAJO|NO|NO|NO|NO|SI|NO|NO|NO|NO|NO
SUPER DROGAS LA FE|NO|CALLE 15 18-29|RETIRO ALTO|NO|NO|NO|NO|SI|NO|NO|NO|SI|SI
DROGAS MARIA C|NO|CALLE 17 8-03|PRIMERO MAYO|NO|NO|NO|NO|SI|NO|SI|NO|SI|SI
DROGUERIA ARABOT 1|NO|CALLE 17 8-91|PRIMERO MAYO|SI|SI|NO|NO|SI|NO|SI|SI|SI|SI
DROGUERIA FARMA FUTURO|NO|CALLE 12 28-16|MIRADOR|NO|NO|NO|NO|SI|NO|NO|NO|NO|NO
FARMA DROGAS POPAYAN|NO|KRA 2 11-02|SANTA INES|NO|NO|NO|NO|SI|NO|SI|SI|NO|NO
DROGUERIA MEDIFARMA JD|NO|CALLE 15 15N-70|MACHANGARA|SI|SI|NO|NO|NO|NO|SI|SI|SI|NO
DROGUERIA FARMAHORRO PLUS|NO|CALLE 29AN 6-04 LOCAL 3|ALICANTE|SI|SI|NO|NO|NO|NO|SI|SI|SI|SI
DROGUERIA PINARES SALUD|NO|CALLE 29 6-03|ALICANTE|SI|SI|NO|NO|NO|NO|SI|SI|NO|NO
DROGUERIA 1A VIA AL BOSQUE|NO|TRASV 9A 57N-6-22|VIA AL BOSQUE|NO|NO|NO|NO|NO|NO|SI|NO|NO|NO
DROGUERIA CUTIS TERRAPLAZA|NO|TERRAPLAZA L 139|EL PLACER|SI|SI|NO|NO|NO|NO|SI|SI|NO|NO
TIENDA TP 36 LA 14 POPAYAN|NO|CRA 9 73BN-22|EL PLACER|SI|SI|NO|NO|NO|NO|SI|NO|NO|NO
STO 373 PALMERA PLAZA SUPERTIENDAS Y DROGUERIAS OLIMPICA S.A|NO|CRA 17 6N-16|BELLO HORIZONTE|NO|NO|NO|NO|NO|NO|SI|NO|NO|NO
FARMA EXPRESS NORTE|NO|CRA 12 71N-32|BELLO HORIZONTE|SI|SI|NO|NO|NO|NO|SI|SI|NO|NO
DROGUERIA NUEVO TRIUNFO|NO|CRA 9 71N 53|EL PLACER|NO|NO|NO|NO|NO|NO|SI|NO|NO|NO
MI DROGUERIA SOLIDARIDAD |NO|CALLE 15 27-23|SOLIDARIDAD|NO|NO|NO|NO|NO|NO|SI|NO|SI|SI
DROGUERIA ALIANZA DE OCCIDENTE No 13|SI|CLL 18N 6-08 LC 1Y 2|CIUDAD JARDIN|SI|SI|NO|NO|NO|NO|SI|SI|SI|SI
DROGUERIA ALIANZA DE OCCIDENTE 1|SI|CRA 6 10N-135|BOLIVAR|SI|SI|NO|NO|NO|NO|SI|SI|SI|NO
DROGUERÍAS ALIANZA DE OCCIDENTE DAO 4 |SI|CRA 9 18N-40|CIUDAD JARDIN|SI|SI|NO|NO|NO|NO|SI|SI|SI|SI
DROGUERIA LA CONFIANZA DEL CAUCA|NO|KRA 41-2A-08|LA MARIA|SI|SI|NO|NO|SI|SI|SI|SI|SI|SI
DROGUERIA MAS SALUD PLUS|NO|CRA 17A 1-45|MARIA ORIENTE|NO|NO|NO|NO|NO|NO|SI|NO|NO|NO
DROGUERIA SAN ALEJO|NO|CRA 7 18-36|COMUNEROS|NO|NO|NO|NO|NO|NO|SI|NO|SI|SI
DROGUERIA EBEN EZER 3|NO|CRA 1CE 18-54|ALAMEDA|NO|NO|NO|NO|NO|NO|SI|NO|NO|NO
LA REBAJA DROGUERIA No 7 |SI|CALLE 6 4-43|CENTRO|SI|SI|NO|NO|NO|NO|SI|SI|SI|SI
DROGAS PURACE PLUS|NO|CRA 5 8-02|EL EMPEDRADO|SI|SI|NO|NO|NO|NO|SI|SI|SI|NO
DROGUERIA DISVAL DOS|NO|CRA 9 57-21 |VILLA DEL BOSQUE|SI|SI|NO|NO|NO|NO|SI|NO|NO|NO
DROGUERIA ESTACIÓN PLUS|NO|CALLE 56N 10-92|VILLA DEL VIENTO|SI|SI|NO|NO|NO|NO|SI|SI|NO|NO
DROGUERIA FARMASALUD DEL CAUCA|NO|CALLE 5 41A-06|LA MARIA OCCIDENTE|NO|NO|NO|NO|NO|NO|SI|SI|NO|NO
DROGUERIA SU AMIGO|NO|CRA 55 4C-39|LOMAS DE GRANADA|NO|NO|NO|NO|NO|NO|SI|NO|NO|NO
DROGUERIA MEGA SALUD PLUS|NO|CALLE 68N 13-49|BELLO HORIZONTE| NO| NO|NO|NO|NO|NO|SI|SI|NO|NO
DROGUERIA BELLO HORIZONTE POPAYAN |NO|KRA 17 67N-59|BELLO HORIZONTE|NO|NO|NO|NO|NO|NO|SI|NO|SI|SI
DROGUERIA Q BARATAS BELLO HORIZONTE|SI|CRA 17 67N-47|BELLO HORIZONTE|NO|NO|NO|NO|NO|NO|SI|SI|SI|NO
DROGUERIA SUPER ECONOMICA DEL CAUCA|SI|CALLE 68N 11-14|BELLO HORIZONTE|NO|NO|NO|NO|NO|NO|SI|NO|NO|NO
DROGUERIA COMFANDI REINA VICTORIA|NO|CLL 18 AN  5-20 LOCAL 107|LA ESTANCIA|SI|SI|NO|NO|NO|NO|SI|SI|SI|SI
DROGUERIA NACIONAL DE DROGAS|NO|KRA 17 6-30|ESMERALDA|SI|SI|NO|NO|NO|NO|SI|NO|SI|SI
DROGUERIA BOLIVAR PLUS 2|NO|CRA 6 7N-25|BOLIVAR|NO|NO|NO|NO|NO|NO|SI|NO|SI|NO
PHARMA TODO PLUS DROGUERIA|NO|CRA 6 25N-38|LOS HOYOS|NO|NO|NO|NO|NO|NO|SI|NO|SI|SI
DROGUERIA MAS BARATAS DE OCCIDENTE LA PAZ|SI|CALLE 4D 70N-52|VILLA DEL NORTE|SI|SI|NO|NO|NO|NO|SI|SI|NO|NO
DROMEDICA POPAYAN|NO|CLL 15 18-22|LA LADERA|NO|NO|NO|NO|NO|NO|SI|NO|NO|NO
VALENTINAS DROGUERIA|NO|CLL 15 17B-91|LA LADERA|NO|NO|NO|NO|NO|NO|SI|NO|SI|NO
SERVICIO FARMACEUTICO EVEDISA POPAYAN 2|SI|CRA 6A 14N-50 ED EL NOGAL|EL RECUERDO|SI|SI|NO|NO|NO|NO|NO|NO|SI|SI
DROGUERIA CRUZ VERDE/ colsanitas|SI|CRA 9 17AN-87 LOCAL 3|ANTONIO NARIÑO|NO|NO|NO|NO|NO|NO|NO|NO|NO|NO
DROGUERIA MULTIFARMA POPAYAN 1|NO|CRA 8 11N-09 LC 6|PRADOS DEL NORTE|SI|SI|NO|NO|NO|NO|NO|NO|SI|SI
SUPERDROGAS LA CUARTA DOS|NO|CALLE 4 17-86|PANDIGUANDO|NO|NO|NO|NO|NO|NO|NO|NO|SI|NO
DROGUERIA JB NORTE|NO|CRA28 3-04|JUNIN|NO|NO|NO|NO|NO|NO|NO|NO|SI|NO
DROGUERIA CABILDO MAYOR YANACONAS|SI|CALLE 8 9-76|SAN CAMILO|NO|NO|NO|NO|NO|NO|NO|NO|SI|SI
DROGUERIA FARMASALUD DEL CAUCA|NO|CLL 15 19-34|SANTA FE|NO|NO|NO|NO|NO|NO|NO|NO|SI|SI
DROGUERIA LA DECIMA|NO|CLL 10N 22-95|RETIRO ALTO|NO|NO|NO|NO|NO|NO|NO|NO|SI|SI
DROGUERIA MAS AHORRO|NO|CRA 6 26AN- 79|LOS HOYOS|NO|NO|NO|NO|NO|NO|NO|NO|SI|SI
FAMISALUD POPAYÁN|NO|MANZ 46 46-02|TOMAS CIPRIANO|NO|NO|NO|NO|NO|NO|NO|NO|SI|NO
DROGUERIA CENTRAL|NO|CLL 17D 1-94|SAUCES|NO|NO|NO|NO|NO|NO|NO|NO|SI|NO
SUPER DROGAS LA CUARTA 2|SI|CLL 4 17-86|PANDIGUANDO|NO|NO|NO|NO|NO|NO|NO|NO|SI|SI
DROGUERIA EMMANUEL L Y M|NO|CRA 12 22-275|EL DEAN ALTO|NO|NO|NO|NO|NO|NO|NO|NO|SI|NO
DROGUERIA SANAR-T|NO|CRA 5 5-88|CENTRO|NO|NO|NO|NO|NO|NO|NO|NO|SI|SI
DROGUERIA FARMAOFERTAS LA CUARTA|NO|CLL 4 21C-26|PANDIGUANDO|NO|NO|NO|NO|NO|NO|NO|NO|SI|NO
FARMACIA CIUDAD BLANCA|NO|CLL 7 30-56|SAN JOSE|NO|NO|NO|NO|NO|NO|NO|NO|SI|NO
FARMASALUD DE OCCIDENTE|NO|CLL 2 40-20|MARIA OCCIDENTE|NO|NO|NO|NO|NO|NO|NO|NO|SI|NO
MI DROGUERIA DROFAR PLUS|NO|CLL 5 20-43|ESMERALDA|NO|NO|NO|NO|NO|NO|NO|NO|SI|SI
DROGUERIA MUNDOFARMA POPAYÁN|NO|CRA 56 3B-07|LOMAS DE GRANADA|NO|NO|NO|NO|NO|NO|NO|NO|SI|SI
DROGUERIA DROFAMILIA LA DOCE|NO|CLL 73N # 4-58|BELLO HORIZONTE|NO|NO|NO|NO|NO|NO|NO|NO|SI|SI
DROGUERIA PROSALUD|NO|CRA 9 19-13|SINDICAL 1|NO|NO|NO|NO|NO|NO|NO|NO|SI|NO
DROGUERIA AMIGA DE OCCIDENTE|NO|CRA 27 14-56|TOMAS CIPRIANO|NO|NO|NO|NO|NO|NO|NO|NO|SI|SI
UNIDROGAS DEL NORTE|NO|VILLA MARIA|VARIANTE|NO|NO|NO|NO|NO|NO|NO|NO|SI|NO
LA DROGUERIA SALUD POPAYAN|NO|CRA 6 21-20|COMUNEROS|NO|NO|NO|NO|NO|NO|NO|NO|SI|SI
DROGUERIA DISVAL UNO|NO|CLL 7 19-78 LOCAL 1|ESMERALDA|NO|NO|NO|NO|NO|NO|NO|NO|SI|SI
DROGUERIA CAUCA DROGAS|NO|CRA 19 7B-30|ESMERALDA|NO|NO|NO|NO|NO|NO|NO|NO|SI|SI
DROGUERIA GALEANO|NO|CLL 5 18-100|ESMERALDA|NO|NO|NO|NO|NO|NO|NO|NO|SI|SI
FARMISALUD PLUS|NO|CRA 27AN 6-04|STA HELENA|NO|NO|NO|NO|NO|NO|NO|NO|SI|NO
FARMACOL POPAYAN 1|NO|CRA 27A 7-75 ESQUINA|STA HELENA|NO|NO|NO|NO|NO|NO|NO|NO|SI|SI
DROGUERIA Y VARIEDADES ANGI  POPAYÁN|NO|CRA 20 20-03 ESQUINA|GUAYABAL|NO|NO|NO|NO|NO|NO|NO|NO|SI|NO
FARMAS SALUD POPAYÁN|NO|CLL 1 A 12-85|CADILLAL|NO|NO|NO|NO|NO|NO|NO|NO|SI|NO
DROGUERIA ALIANZA DE OCCIDENTE 076|SI|CRA 6 26N-44|LOS HOYOS|SI|SI|NO|NO|NO|NO|NO|NO|SI|SI
DROGUERIA OLIMPICA PLUS|NO|CLL 6 18-49|ESMERALDA|NO|NO|NO|NO|NO|NO|NO|NO|SI|NO
DROGUERIA FARMA CAUCA|NO|CLL 29 6-03|ALICANTE|NO|NO|NO|NO|NO|NO|NO|NO|SI|SI
FARMAMIA POPAYÁN|NO|CLL 13 11A-30|COLOMBIA 1RA ETAPA|NO|NO|NO|NO|NO|NO|NO|NO|SI|SI
PROVIMA SFI /MALLAMAS|SI|CRA 7 17N-51|EL RECUERDO|SI|SI|NO|NO|NO|NO|NO|NO|SI|SI
DROGUERIA COMFANDI CAMPANARIO|SI|CRA 9 24AN-21 LOCAL 31A|CAMPAMENTO|NO|NO|NO|NO|NO|NO|NO|NO|SI|SI
DROGUERIA ALIANZA DE OCCIDENTE 7|SI|CRA 9 19N-20|CIUDAD JARDIN|SI|SI|NO|NO|NO|NO|NO|NO|SI|SI
FARMACIA BIOLOGICA |NO|CLL 18N-6-08 LOCAL 2|EL RECUERDO|NO|NO|NO|NO|NO|NO|NO|NO|SI|NO
ESTABLECIMIENTO FARMACEUTICO PARA SUMINISTRO DE MEDICAMENTOS Y DM AL SGSS POPAYÁN|NO|CRA 7 9N-12|CONDOMINIO VENENCIA LOCAL 2 PRADOS DEL NORTE|NO|NO|NO|NO|NO|NO|NO|NO|SI|NO
FARMA PLUS DEL NORTE|NO|CRA 6 26N- 32|LOS HOYOS|NO|NO|NO|NO|NO|NO|NO|NO|SI|SI
PARIS DROGUERIA LA 17|NO|CRA 17 8B-06|ESMERALDA|NO|NO|NO|NO|NO|NO|NO|NO|SI|SI
DROGUERIA MILEFARMA|NO|CRA 1 CE 18-54|ALAMEDA|NO|NO|NO|NO|NO|NO|NO|NO|SI|NO
DROGUERIA MELISALUD|NO|CRA 11 7A-20|VALENCIA|NO|NO|NO|NO|NO|NO|NO|NO|SI|SI
DROGUERIA ALIANZA DE OCCIDENTE 8 ASMET SALUD EPS|SI|CRA 4 18N-46|LA ESTANCIA|SI|SI|NO|NO|NO|NO|NO|NO|SI|SI
DROGUERIA PRAGA SALUD NORTE|NO|TV 9 60N-107 VIA AL BOSQUE|EL BOSQUE|NO|NO|NO|NO|NO|NO|NO|NO|SI|NO
DROGUERIA FARMASUR DM|NO|CLL 7 22-24|JOSE OBANDO|NO|NO|NO|NO|NO|NO|NO|NO|SI|NO
SERVICIO FARMACEUTICO EVEDISA POPAYAN 2 / EPS SOS S.A|SI|CRA 6A 14N-50 ED EL NOGAL|EL NODAL|SI|SI|NO|NO|NO|NO|NO|NO|SI|SI
SERVICIO FARMACEUTICO EVEDISA POPAYAN 2 / COOSALUD EPS SA|SI|CRA 6A 14N-50 ED EL NOGAL|EL NODAL|SI|SI|NO|NO|NO|NO|NO|NO|SI|SI
